-- partei
INSERT INTO `Partei` (`P_ID`, `P_Bezeichnung`, `Farbe`, `Listenplaetze`) VALUES
(1, 'DIE LINKE', '#cd1076', 1),
(2, 'SPD', '#cd0000', 1),
(3, 'CDU/CSU', '#000000', 1),
(4, 'FDP', '#ffff00', 1),
(5, 'GRÜNE/B90', '#00cd00', 1),
(6, 'NPD', '#8b4513', 7),
(7, 'PIRATEN', '#ff8c00', 8),
(8, 'REP', '#1874cd', 9),
(9, 'MLPD', '#ff0000', 10),
(10, 'AfD', '#00bfff', 11),
(11, 'pro Deutschland', '#87ceff', 12),
(12, 'FREIE WAEHLER', '#000080', 12),
(13, 'parteilos', '0', 0);

-- direktkandidaten
INSERT INTO `Direktkandidaten` (`D_ID`,`P_ID`, `Vorname`, `Name`, `Farbe`) VALUES
(1,1,'Kirsten', 'Tackmann', '#cd1076'),
(2,2, 'Dagmar', 'Ziegler', '#cd0000'),
(3,3, 'Sebastian', 'Steineke', '#000000'),
(4,4, 'Jens-Dieter', 'Engelgardt', '#ffff00 	'),
(5,5, 'Kathrin Anke', 'Boleslawsky', '#00cd00'),
(6,6, 'Peter', 'Börs', '#8b4513'),
(7,7, 'Michael', 'Polte', '#ff8c00'),
(8,8, 'Hans-Gregor ', 'Rieger', ''),
(9,9, 'Mathias', 'Krebs', ''),
(10,10, 'Jonas', 'Kayser', '');

-- Daten für Tabelle `wahllokal`
INSERT INTO `Wahllokal` (`W_ID`, `W_Bezeichnung`, `PLZ`, `Straße`, `Wahlberechtigte`, `Wahlbeteiligung`) VALUES
(1001, 'Kita Storchennest', 16816, 'Gentzstr. 21', 0, 0),
(1002, 'Grundschule Gentz I', 16816, 'Gerhart-Hauptmann-Str. 38', 0, 0),
(1003, 'Stadtgarten', 16816, 'Karl-Marx-Str. 103', 0, 0),
(1004, 'Altes Gymnasium I', 16816, 'Am Alten Gymnasium 1', 0, 0),
(1005, 'Rosa-Luxemburg-Schule', 16816, 'Rosa-Luxemburg-Str. 16', 0, 0),
(1006, 'Grundschule Gildenhall', 16816, 'Hermsdorfer Weg 1', 0, 0),
(1007, 'Kita Birkengrund I', 16816, 'Birkengrund 14', 0, 0),
(1008, 'Kita Birkengrund II', 16816, 'Birkengrund 14', 0, 0),
(1009, 'Predigerwitwenhaus', 16816, 'Fischbänkenstr. 8', 0, 0),
(1010, 'Altes Gymnasium II', 16816, 'Am Alten Gymnsium 1', 0, 0),
(1011, 'Alexander-Puschkin-Schule', 16816, 'Puschkinstr. 5b', 0, 0),
(1012, 'NWG', 16816, 'Kränzliner Str. 32', 0, 0),
(1013, 'Begegnungsstätte ASB', 16816, 'Franz-Maecker-Str. 28', 0, 0),
(1014, 'Feuerwehr Bechlin', 16816, 'Schulstr. 103a', 0, 0),
(1015, 'Grundschule Gentz II', 16816, 'Gerhart-Hauptmann-Str. 38', 0, 0),
(1016, 'Kita Kunterbunt I', 16816, 'Artur-Becker-Str. 16', 0, 0),
(1017, 'Kita Kunterbunt II\r\n', 16816, 'Artur-Becker-Str. 16', 0, 0),
(1018, 'Schinkelgymnasium I\r\n', 16816, 'Käthe-Kollwitz-Str. 2\r\n', 0, 0),
(1019, 'Schinkelgymnasium II\r\n', 16816, 'Käthe-Kollwitz-Str. 2\r\n', 0, 0),
(1020, 'Karl-Liebknecht-Schule I\r\n', 16816, 'Franz-Mehring-Str. 1a\r\n', 0, 0),
(1021, 'Karl-Liebknecht-Schule II\r\n', 16816, 'Franz-Mehring-Str. 1a\r\n', 0, 0),
(1022, 'Treskow I\r\n', 16816, 'Nauener Str. 5\r\n', 0, 0),
(1023, 'Treskow II\r\n', 16816, 'Nauener Str. 5\r\n', 0, 0),
(1024, 'Altruppin I\r\n', 16827, 'Alt Ruppin, Friedrich-Engels-Str. 43\r\n', 0, 0),
(1025, 'Altruppin II\r\n', 16827, 'Alt Ruppin, Am Weinberg 1\r\n', 0, 0),
(1026, 'Altruppin III\r\n', 16827, 'Alt Ruppin, Am Weinberg 1\r\n', 0, 0),
(1027, 'Buskow\r\n', 16816, 'Buskower Dorfstr. 47b\r\n', 0, 0),
(1028, 'Gnewikow\r\n', 16818, 'Gutsstr. 23\r\n', 0, 0),
(1029, 'Gühlen-Glienicke\r\n', 16818, 'Dorfstr. 23a\r\n', 0, 0),
(1030, 'Karwe\r\n', 16818, 'Lange Str. 32\r\n', 0, 0),
(1031, 'Krangen\r\n', 16816, 'Dorfstr. 2\r\n', 0, 0),
(1032, 'Lichtenberg\r\n', 16818, 'Dorfstr. 36\r\n', 0, 0),
(1033, 'Molchow\r\n', 16827, 'Krangener Str. 26\r\n', 0, 0),
(1034, 'Nietwerder\r\n', 16816, 'Dorfstr. 57\r\n', 0, 0),
(1035, 'Radensleben\r\n', 16818, 'Dorfstr. 97\r\n', 0, 0),
(1036, 'Stöffin\r\n', 16833, 'Dorfstr. 49a\r\n', 0, 0),
(1037, 'Wulkow\r\n', 16835, 'Nietwerderweg 13a\r\n', 0, 0),
(1038, 'Wuthenow\r\n', 16818, 'Dorfstr. 53\r\n', 0, 0);

INSERT INTO `stellt` (`P_ID`, `D_ID`) VALUES
(1, 1),
(2, 2),
(3, 3),
(4, 4),
(5, 5),
(6, 6),
(7, 7),
(13, 8),
(13, 9),
(13, 10);

-- 1stimme

INSERT INTO `1stimme` (`W_ID`, `D_ID`, `1Anzahl`) VALUES
(1001, 1, 108),
(1001, 2, 155),
(1001, 3, 164),
(1001, 4, 3),
(1001, 5, 11),
(1001, 6, 14),
(1001, 7, 8),
(1001, 8, 3),
(1001, 9, 1),
(1001, 10, 4),
(1002, 1, 96),
(1002, 2, 106),
(1002, 3, 125),
(1002, 4, 1),
(1002, 5, 13),
(1002, 6, 13),
(1002, 7, 8),
(1002, 8, 7),
(1002, 9, 2),
(1002, 10, 1),
(1003, 1, 103),
(1003, 2, 142),
(1003, 3, 171),
(1003, 4, 2),
(1003, 5, 23),
(1003, 6, 10),
(1003, 7, 15),
(1003, 8, 11),
(1003, 9, 6),
(1003, 10, 1),
(1004, 1, 114),
(1004, 2, 145),
(1004, 3, 112),
(1004, 4, 8),
(1004, 5, 19),
(1004, 6, 20),
(1004, 7, 15),
(1004, 8, 4),
(1004, 9, 8),
(1004, 10, 0),
(1005, 1, 111),
(1005, 2, 165),
(1005, 3, 158),
(1005, 4, 7),
(1005, 5, 19),
(1005, 6, 4),
(1005, 7, 8),
(1005, 8, 11),
(1005, 9, 6),
(1005, 10, 4),
(1006, 1, 64),
(1006, 2, 105),
(1006, 3, 98),
(1006, 4, 4),
(1006, 5, 13),
(1006, 6, 3),
(1006, 7, 9),
(1006, 8, 6),
(1006, 9, 2),
(1006, 10, 3),
(1007, 1, 74),
(1007, 2, 76),
(1007, 3, 81),
(1007, 4, 2),
(1007, 5, 10),
(1007, 6, 3),
(1007, 7, 10),
(1007, 8, 10),
(1007, 9, 1),
(1007, 10, 1),
(1008, 1, 63),
(1008, 2, 101),
(1008, 3, 173),
(1008, 4, 4),
(1008, 5, 17),
(1008, 6, 3),
(1008, 7, 5),
(1008, 8, 11),
(1008, 9, 3),
(1008, 10, 0),
(1009, 1, 109),
(1009, 2, 147),
(1009, 3, 133),
(1009, 4, 2),
(1009, 5, 24),
(1009, 6, 16),
(1009, 7, 10),
(1009, 8, 12),
(1009, 9, 14),
(1009, 10, 1),
(1010, 1, 92),
(1010, 2, 148),
(1010, 3, 172),
(1010, 4, 3),
(1010, 5, 27),
(1010, 6, 11),
(1010, 7, 20),
(1010, 8, 10),
(1010, 9, 4),
(1010, 10, 5),
(1011, 1, 112),
(1011, 2, 132),
(1011, 3, 128),
(1011, 4, 7),
(1011, 5, 20),
(1011, 6, 16),
(1011, 7, 8),
(1011, 8, 7),
(1011, 9, 6),
(1011, 10, 5),
(1012, 1, 115),
(1012, 2, 134),
(1012, 3, 160),
(1012, 4, 4),
(1012, 5, 13),
(1012, 6, 11),
(1012, 7, 7),
(1012, 8, 5),
(1012, 9, 1),
(1012, 10, 0),
(1013, 1, 164),
(1013, 2, 204),
(1013, 3, 176),
(1013, 4, 5),
(1013, 5, 13),
(1013, 6, 21),
(1013, 7, 13),
(1013, 8, 13),
(1013, 9, 2),
(1013, 10, 0),
(1014, 1, 71),
(1014, 2, 97),
(1014, 3, 125),
(1014, 4, 1),
(1014, 5, 6),
(1014, 6, 9),
(1014, 7, 8),
(1014, 8, 5),
(1014, 9, 4),
(1014, 10, 0),
(1015, 1, 102),
(1015, 2, 118),
(1015, 3, 119),
(1015, 4, 2),
(1015, 5, 20),
(1015, 6, 20),
(1015, 7, 19),
(1015, 8, 11),
(1015, 9, 3),
(1015, 10, 2),
(1016, 1, 134),
(1016, 2, 188),
(1016, 3, 144),
(1016, 4, 1),
(1016, 5, 6),
(1016, 6, 17),
(1016, 7, 8),
(1016, 8, 4),
(1016, 9, 6),
(1016, 10, 3),
(1017, 1, 133),
(1017, 2, 199),
(1017, 3, 123),
(1017, 4, 7),
(1017, 5, 5),
(1017, 6, 11),
(1017, 7, 15),
(1017, 8, 10),
(1017, 9, 4),
(1017, 10, 2),
(1018, 1, 140),
(1018, 2, 247),
(1018, 3, 194),
(1018, 4, 6),
(1018, 5, 4),
(1018, 6, 17),
(1018, 7, 16),
(1018, 8, 9),
(1018, 9, 9),
(1018, 10, 1),
(1019, 1, 46),
(1019, 2, 114),
(1019, 3, 160),
(1019, 4, 6),
(1019, 5, 17),
(1019, 6, 4),
(1019, 7, 6),
(1019, 8, 3),
(1019, 9, 0),
(1019, 10, 0),
(1020, 1, 104),
(1020, 2, 134),
(1020, 3, 114),
(1020, 4, 6),
(1020, 5, 12),
(1020, 6, 22),
(1020, 7, 15),
(1020, 8, 2),
(1020, 9, 2),
(1020, 10, 0),
(1021, 1, 126),
(1021, 2, 151),
(1021, 3, 117),
(1021, 4, 5),
(1021, 5, 9),
(1021, 6, 20),
(1021, 7, 10),
(1021, 8, 10),
(1021, 9, 8),
(1021, 10, 3),
(1022, 1, 124),
(1022, 2, 193),
(1022, 3, 204),
(1022, 4, 4),
(1022, 5, 23),
(1022, 6, 3),
(1022, 7, 7),
(1022, 8, 11),
(1022, 9, 7),
(1022, 10, 3),
(1023, 1, 42),
(1023, 2, 62),
(1023, 3, 108),
(1023, 4, 2),
(1023, 5, 7),
(1023, 6, 2),
(1023, 7, 8),
(1023, 8, 1),
(1023, 9, 1),
(1023, 10, 0),
(1024, 1, 64),
(1024, 2, 100),
(1024, 3, 123),
(1024, 4, 4),
(1024, 5, 15),
(1024, 6, 5),
(1024, 7, 10),
(1024, 8, 6),
(1024, 9, 5),
(1024, 10, 1),
(1025, 1, 106),
(1025, 2, 114),
(1025, 3, 135),
(1025, 4, 6),
(1025, 5, 23),
(1025, 6, 14),
(1025, 7, 12),
(1025, 8, 9),
(1025, 9, 4),
(1025, 10, 1),
(1026, 1, 95),
(1026, 2, 100),
(1026, 3, 108),
(1026, 4, 5),
(1026, 5, 11),
(1026, 6, 8),
(1026, 7, 5),
(1026, 8, 7),
(1026, 9, 0),
(1026, 10, 0),
(1027, 1, 19),
(1027, 2, 35),
(1027, 3, 41),
(1027, 4, 0),
(1027, 5, 2),
(1027, 6, 1),
(1027, 7, 6),
(1027, 8, 0),
(1027, 9, 3),
(1027, 10, 0),
(1028, 1, 42),
(1028, 2, 60),
(1028, 3, 59),
(1028, 4, 1),
(1028, 5, 10),
(1028, 6, 6),
(1028, 7, 2),
(1028, 8, 1),
(1028, 9, 0),
(1028, 10, 2),
(1029, 1, 31),
(1029, 2, 51),
(1029, 3, 52),
(1029, 4, 1),
(1029, 5, 2),
(1029, 6, 5),
(1029, 7, 4),
(1029, 8, 10),
(1029, 9, 1),
(1029, 10, 0),
(1030, 1, 52),
(1030, 2, 32),
(1030, 3, 66),
(1030, 4, 4),
(1030, 5, 9),
(1030, 6, 5),
(1030, 7, 6),
(1030, 8, 7),
(1030, 9, 4),
(1030, 10, 5),
(1031, 1, 28),
(1031, 2, 30),
(1031, 3, 47),
(1031, 4, 4),
(1031, 5, 7),
(1031, 6, 2),
(1031, 7, 1),
(1031, 8, 9),
(1031, 9, 0),
(1031, 10, 2),
(1032, 1, 26),
(1032, 2, 24),
(1032, 3, 27),
(1032, 4, 1),
(1032, 5, 4),
(1032, 6, 0),
(1032, 7, 3),
(1032, 8, 0),
(1032, 9, 0),
(1032, 10, 2),
(1033, 1, 36),
(1033, 2, 24),
(1033, 3, 43),
(1033, 4, 1),
(1033, 5, 4),
(1033, 6, 2),
(1033, 7, 5),
(1033, 8, 2),
(1033, 9, 4),
(1033, 10, 2),
(1034, 1, 37),
(1034, 2, 57),
(1034, 3, 40),
(1034, 4, 0),
(1034, 5, 8),
(1034, 6, 4),
(1034, 7, 3),
(1034, 8, 3),
(1034, 9, 1),
(1034, 10, 0),
(1035, 1, 42),
(1035, 2, 57),
(1035, 3, 63),
(1035, 4, 4),
(1035, 5, 7),
(1035, 6, 10),
(1035, 7, 4),
(1035, 8, 3),
(1035, 9, 4),
(1035, 10, 0),
(1036, 1, 30),
(1036, 2, 28),
(1036, 3, 44),
(1036, 4, 0),
(1036, 5, 2),
(1036, 6, 5),
(1036, 7, 2),
(1036, 8, 0),
(1036, 9, 3),
(1036, 10, 0),
(1037, 1, 35),
(1037, 2, 81),
(1037, 3, 70),
(1037, 4, 3),
(1037, 5, 1),
(1037, 6, 9),
(1037, 7, 3),
(1037, 8, 3),
(1037, 9, 1),
(1037, 10, 0),
(1038, 1, 56),
(1038, 2, 95),
(1038, 3, 67),
(1038, 4, 5),
(1038, 5, 13),
(1038, 6, 6),
(1038, 7, 1),
(1038, 8, 4),
(1038, 9, 0),
(1038, 10, 1);

INSERT INTO `2stimme` (`W_ID`, `P_ID`, `2Anzahl`) VALUES
(1001, 1, 102),
(1001, 2, 132),
(1001, 3, 162),
(1001, 4, 7),
(1001, 5, 20),
(1001, 6, 10),
(1001, 7, 10),
(1001, 8, 1),
(1001, 9, 0),
(1001, 10, 24),
(1001, 11, 1),
(1001, 12, 4),
(1002, 1, 85),
(1002, 2, 93),
(1002, 3, 136),
(1002, 4, 2),
(1002, 5, 12),
(1002, 6, 11),
(1002, 7, 4),
(1002, 8, 1),
(1002, 9, 0),
(1002, 10, 26),
(1002, 11, 1),
(1002, 12, 3),
(1003, 1, 95),
(1003, 2, 121),
(1003, 3, 176),
(1003, 4, 7),
(1003, 5, 36),
(1003, 6, 9),
(1003, 7, 15),
(1003, 8, 0),
(1003, 9, 0),
(1003, 10, 23),
(1003, 11, 4),
(1003, 12, 2),
(1004, 1, 98),
(1004, 2, 117),
(1004, 3, 136),
(1004, 4, 14),
(1004, 5, 22),
(1004, 6, 14),
(1004, 7, 17),
(1004, 8, 0),
(1004, 9, 0),
(1004, 10, 24),
(1004, 11, 3),
(1004, 12, 4),
(1005, 1, 106),
(1005, 2, 141),
(1005, 3, 175),
(1005, 4, 8),
(1005, 5, 29),
(1005, 6, 8),
(1005, 7, 4),
(1005, 8, 0),
(1005, 9, 2),
(1005, 10, 18),
(1005, 11, 2),
(1005, 12, 4),
(1006, 1, 53),
(1006, 2, 99),
(1006, 3, 112),
(1006, 4, 5),
(1006, 5, 20),
(1006, 6, 2),
(1006, 7, 6),
(1006, 8, 0),
(1006, 9, 0),
(1006, 10, 11),
(1006, 11, 0),
(1006, 12, 0),
(1007, 1, 66),
(1007, 2, 57),
(1007, 3, 93),
(1007, 4, 6),
(1007, 5, 12),
(1007, 6, 1),
(1007, 7, 9),
(1007, 8, 0),
(1007, 9, 0),
(1007, 10, 23),
(1007, 11, 0),
(1007, 12, 2),
(1008, 1, 47),
(1008, 2, 87),
(1008, 3, 186),
(1008, 4, 9),
(1008, 5, 22),
(1008, 6, 1),
(1008, 7, 6),
(1008, 8, 0),
(1008, 9, 0),
(1008, 10, 23),
(1008, 11, 1),
(1008, 12, 1),
(1009, 1, 101),
(1009, 2, 121),
(1009, 3, 145),
(1009, 4, 13),
(1009, 5, 38),
(1009, 6, 14),
(1009, 7, 13),
(1009, 8, 1),
(1009, 9, 0),
(1009, 10, 19),
(1009, 11, 0),
(1009, 12, 4),
(1010, 1, 85),
(1010, 2, 122),
(1010, 3, 181),
(1010, 4, 14),
(1010, 5, 38),
(1010, 6, 11),
(1010, 7, 17),
(1010, 8, 2),
(1010, 9, 0),
(1010, 10, 23),
(1010, 11, 1),
(1010, 12, 3),
(1011, 1, 100),
(1011, 2, 126),
(1011, 3, 135),
(1011, 4, 12),
(1011, 5, 25),
(1011, 6, 14),
(1011, 7, 7),
(1011, 8, 0),
(1011, 9, 0),
(1011, 10, 22),
(1011, 11, 0),
(1011, 12, 0),
(1012, 1, 105),
(1012, 2, 109),
(1012, 3, 170),
(1012, 4, 7),
(1012, 5, 20),
(1012, 6, 12),
(1012, 7, 6),
(1012, 8, 0),
(1012, 9, 0),
(1012, 10, 19),
(1012, 11, 0),
(1012, 12, 2),
(1013, 1, 169),
(1013, 2, 174),
(1013, 3, 191),
(1013, 4, 10),
(1013, 5, 18),
(1013, 6, 15),
(1013, 7, 8),
(1013, 8, 0),
(1013, 9, 0),
(1013, 10, 24),
(1013, 11, 2),
(1013, 12, 6),
(1014, 1, 70),
(1014, 2, 85),
(1014, 3, 139),
(1014, 4, 4),
(1014, 5, 3),
(1014, 6, 6),
(1014, 7, 9),
(1014, 8, 0),
(1014, 9, 1),
(1014, 10, 12),
(1014, 11, 0),
(1014, 12, 1),
(1015, 1, 91),
(1015, 2, 102),
(1015, 3, 124),
(1015, 4, 12),
(1015, 5, 29),
(1015, 6, 20),
(1015, 7, 14),
(1015, 8, 2),
(1015, 9, 0),
(1015, 10, 18),
(1015, 11, 0),
(1015, 12, 2),
(1016, 1, 124),
(1016, 2, 160),
(1016, 3, 153),
(1016, 4, 6),
(1016, 5, 10),
(1016, 6, 12),
(1016, 7, 6),
(1016, 8, 0),
(1016, 9, 1),
(1016, 10, 35),
(1016, 11, 3),
(1016, 12, 3),
(1017, 1, 131),
(1017, 2, 186),
(1017, 3, 136),
(1017, 4, 7),
(1017, 5, 10),
(1017, 6, 8),
(1017, 7, 9),
(1017, 8, 0),
(1017, 9, 0),
(1017, 10, 19),
(1017, 11, 0),
(1017, 12, 2),
(1018, 1, 137),
(1018, 2, 215),
(1018, 3, 217),
(1018, 4, 10),
(1018, 5, 8),
(1018, 6, 16),
(1018, 7, 10),
(1018, 8, 0),
(1018, 9, 0),
(1018, 10, 33),
(1018, 11, 3),
(1018, 12, 4),
(1019, 1, 38),
(1019, 2, 97),
(1019, 3, 174),
(1019, 4, 13),
(1019, 5, 20),
(1019, 6, 2),
(1019, 7, 2),
(1019, 8, 0),
(1019, 9, 0),
(1019, 10, 11),
(1019, 11, 0),
(1019, 12, 1),
(1020, 1, 105),
(1020, 2, 110),
(1020, 3, 123),
(1020, 4, 6),
(1020, 5, 13),
(1020, 6, 21),
(1020, 7, 8),
(1020, 8, 1),
(1020, 9, 3),
(1020, 10, 20),
(1020, 11, 2),
(1020, 12, 4),
(1021, 1, 122),
(1021, 2, 135),
(1021, 3, 119),
(1021, 4, 8),
(1021, 5, 14),
(1021, 6, 13),
(1021, 7, 8),
(1021, 8, 0),
(1021, 9, 0),
(1021, 10, 31),
(1021, 11, 4),
(1021, 12, 5),
(1022, 1, 130),
(1022, 2, 142),
(1022, 3, 235),
(1022, 4, 17),
(1022, 5, 21),
(1022, 6, 5),
(1022, 7, 6),
(1022, 8, 0),
(1022, 9, 0),
(1022, 10, 20),
(1022, 11, 0),
(1022, 12, 5),
(1023, 1, 37),
(1023, 2, 49),
(1023, 3, 117),
(1023, 4, 3),
(1023, 5, 10),
(1023, 6, 3),
(1023, 7, 7),
(1023, 8, 0),
(1023, 9, 0),
(1023, 10, 7),
(1023, 11, 0),
(1023, 12, 2),
(1024, 1, 51),
(1024, 2, 90),
(1024, 3, 138),
(1024, 4, 9),
(1024, 5, 13),
(1024, 6, 3),
(1024, 7, 9),
(1024, 8, 0),
(1024, 9, 0),
(1024, 10, 19),
(1024, 11, 0),
(1024, 12, 4),
(1025, 1, 104),
(1025, 2, 107),
(1025, 3, 148),
(1025, 4, 10),
(1025, 5, 18),
(1025, 6, 7),
(1025, 7, 7),
(1025, 8, 0),
(1025, 9, 0),
(1025, 10, 24),
(1025, 11, 0),
(1025, 12, 3),
(1026, 1, 89),
(1026, 2, 79),
(1026, 3, 118),
(1026, 4, 6),
(1026, 5, 16),
(1026, 6, 6),
(1026, 7, 4),
(1026, 8, 0),
(1026, 9, 1),
(1026, 10, 19),
(1026, 11, 1),
(1026, 12, 3),
(1027, 1, 12),
(1027, 2, 31),
(1027, 3, 41),
(1027, 4, 3),
(1027, 5, 5),
(1027, 6, 2),
(1027, 7, 2),
(1027, 8, 0),
(1027, 9, 0),
(1027, 10, 11),
(1027, 11, 0),
(1027, 12, 0),
(1028, 1, 40),
(1028, 2, 47),
(1028, 3, 86),
(1028, 4, 1),
(1028, 5, 10),
(1028, 6, 4),
(1028, 7, 1),
(1028, 8, 0),
(1028, 9, 0),
(1028, 10, 8),
(1028, 11, 1),
(1028, 12, 2),
(1029, 1, 23),
(1029, 2, 43),
(1029, 3, 66),
(1029, 4, 4),
(1029, 5, 5),
(1029, 6, 4),
(1029, 7, 0),
(1029, 8, 1),
(1029, 9, 0),
(1029, 10, 6),
(1029, 11, 0),
(1029, 12, 3),
(1030, 1, 52),
(1030, 2, 29),
(1030, 3, 82),
(1030, 4, 1),
(1030, 5, 7),
(1030, 6, 5),
(1030, 7, 2),
(1030, 8, 0),
(1030, 9, 0),
(1030, 10, 13),
(1030, 11, 1),
(1030, 12, 2),
(1031, 1, 33),
(1031, 2, 24),
(1031, 3, 45),
(1031, 4, 1),
(1031, 5, 11),
(1031, 6, 3),
(1031, 7, 0),
(1031, 8, 0),
(1031, 9, 0),
(1031, 10, 13),
(1031, 11, 0),
(1031, 12, 1),
(1032, 1, 20),
(1032, 2, 18),
(1032, 3, 34),
(1032, 4, 1),
(1032, 5, 3),
(1032, 6, 0),
(1032, 7, 3),
(1032, 8, 0),
(1032, 9, 1),
(1032, 10, 6),
(1032, 11, 0),
(1032, 12, 0),
(1033, 1, 34),
(1033, 2, 21),
(1033, 3, 45),
(1033, 4, 2),
(1033, 5, 4),
(1033, 6, 2),
(1033, 7, 5),
(1033, 8, 1),
(1033, 9, 0),
(1033, 10, 7),
(1033, 11, 0),
(1033, 12, 3),
(1034, 1, 31),
(1034, 2, 52),
(1034, 3, 42),
(1034, 4, 2),
(1034, 5, 10),
(1034, 6, 2),
(1034, 7, 1),
(1034, 8, 1),
(1034, 9, 0),
(1034, 10, 12),
(1034, 11, 1),
(1034, 12, 1),
(1035, 1, 37),
(1035, 2, 48),
(1035, 3, 79),
(1035, 4, 5),
(1035, 5, 11),
(1035, 6, 9),
(1035, 7, 2),
(1035, 8, 1),
(1035, 9, 0),
(1035, 10, 6),
(1035, 11, 1),
(1035, 12, 2),
(1036, 1, 27),
(1036, 2, 25),
(1036, 3, 41),
(1036, 4, 5),
(1036, 5, 6),
(1036, 6, 2),
(1036, 7, 1),
(1036, 8, 0),
(1036, 9, 0),
(1036, 10, 6),
(1036, 11, 2),
(1036, 12, 2),
(1037, 1, 26),
(1037, 2, 79),
(1037, 3, 79),
(1037, 4, 1),
(1037, 5, 5),
(1037, 6, 10),
(1037, 7, 0),
(1037, 8, 0),
(1037, 9, 0),
(1037, 10, 5),
(1037, 11, 2),
(1037, 12, 0),
(1038, 1, 44),
(1038, 2, 87),
(1038, 3, 78),
(1038, 4, 8),
(1038, 5, 12),
(1038, 6, 2),
(1038, 7, 3),
(1038, 8, 1),
(1038, 9, 0),
(1038, 10, 16),
(1038, 11, 0),
(1038, 12, 1);
